platform,subreddit,url,title,date_ref,theme,engagement_est,author,collection_date,data_source,status
Reddit,r/CryptoCurrency,https://www.reddit.com/r/CryptoCurrency/comments/1qi6689/500m_liquidated_overnight_when_did_we_normalize/,$500M liquidated overnight. When did we normalize ...,October 2025,Liquidation normalization,High,,2026-01-30,Firecrawl Search,URL_Collected
Reddit,r/CryptoCurrency,https://www.reddit.com/r/CryptoCurrency/comments/1o3ishj/does_anyone_know_how_historic_this_crash_was/,Does anyone know how historic this crash was?,October 2025,Historical comparison,High,,2026-01-30,Firecrawl Search,URL_Collected
Reddit,r/CryptoCurrency,https://www.reddit.com/r/CryptoCurrency/comments/1ok2hxm/bitcoin_risks_2030_drop_as_crypto_markets/,Bitcoin risks '20-30%' drop as crypto markets liquidate $1.1B,October 2025,Price prediction,Medium,,2026-01-30,Firecrawl Search,URL_Collected
Reddit,r/CryptoCurrency,https://www.reddit.com/r/CryptoCurrency/comments/1q4v6jh/344430000_in_short_positions_has_been_liquidated/,$344430000 In Short Positions Has Been Liquidated,"October 11, 2025",Short squeeze,High,,2026-01-30,Firecrawl Search,URL_Collected
Reddit,r/CryptoCurrency,https://www.reddit.com/r/CryptoCurrency/comments/1o60gyb/daily_crypto_discussion_october_14_2025_gmt0/,"Daily Crypto Discussion - October 14, 2025","October 14, 2025",Daily discussion,Very High,,2026-01-30,Firecrawl Search,URL_Collected
Reddit,r/CryptoCurrency,https://www.reddit.com/r/CryptoCurrency/comments/1p38d0b/feels_so_wrong_to_sell_in_extreme_fear/,Feels so wrong to sell in extreme fear,October 2025,Emotional trading,High,,2026-01-30,Firecrawl Search,URL_Collected
Reddit,r/CryptoCurrency,https://www.reddit.com/r/CryptoCurrency/comments/1n01wb0/i_find_it_truly_bizarre_when_the_market_reacts_to/,I find it truly bizarre when the market reacts to all ...,October 2025,Market reaction analysis,Medium,,2026-01-30,Firecrawl Search,URL_Collected
Reddit,r/CryptoCurrency,https://www.reddit.com/r/CryptoCurrency/comments/1olwmxx/bitcoin_suffers_its_first_october_monthly_loss_in/,Bitcoin suffers its first October monthly loss in seven years,October 2025,Historical record,Very High,,2026-01-30,Firecrawl Search,URL_Collected
Reddit,r/CryptoCurrency,https://www.reddit.com/r/CryptoCurrency/comments/1gy95bs/this_current_bull_run_may_be_coming_to_an_end/,This current bull run may be coming to an end sooner than ...,October 2025,Bull run analysis,High,,2026-01-30,Firecrawl Search,URL_Collected
Reddit,r/CryptoCurrency,https://www.reddit.com/r/CryptoCurrency/comments/1oabea2/daily_crypto_discussion_october_19_2025_gmt0/,"Daily Crypto Discussion - October 19, 2025","October 19, 2025",Daily discussion,Very High,,2026-01-30,Firecrawl Search,URL_Collected
Reddit,r/Bitcoin,https://www.reddit.com/r/Bitcoin/comments/1o2t3fy/daily_discussion_october_10_2025/,"Daily Discussion, October 10, 2025","October 10, 2025",Daily discussion - Crash day,Very High,,2026-01-30,Firecrawl Search,URL_Collected
Reddit,r/Bitcoin,https://www.reddit.com/r/Bitcoin/comments/1o6kjsz/btc_still_looks_strong_to_me_even_after_that/,"BTC still looks strong to me, even after that massive wipeout","October 11, 2025",Post-crash analysis,High,,2026-01-30,Firecrawl Search,URL_Collected
Reddit,r/Bitcoin,https://www.reddit.com/r/Bitcoin/comments/1povh2n/the_fatigue_filter/,The Fatigue Filter,October 2025,Market psychology,Medium,,2026-01-30,Firecrawl Search,URL_Collected
Reddit,r/Bitcoin,https://www.reddit.com/r/Bitcoin/comments/1inp7dr/how_do_we_prove_that_the_market_manipulation_is/,How do we prove that the market manipulation is happening,"October 10, 2025",Manipulation claims,Very High,,2026-01-30,Firecrawl Search,URL_Collected
Reddit,r/Bitcoin,https://www.reddit.com/r/Bitcoin/comments/1oye7hq/daily_discussion_november_16_2025/,"Daily Discussion, November 16, 2025","November 16, 2025",Post-crash recovery,High,,2026-01-30,Firecrawl Search,URL_Collected
Reddit,r/Bitcoin,https://www.reddit.com/r/Bitcoin/comments/1o06tuz/daily_discussion_october_07_2025/,"Daily Discussion, October 07, 2025","October 07, 2025",Pre-crash discussion,Medium,,2026-01-30,Firecrawl Search,URL_Collected
Reddit,r/StockMarket,https://www.reddit.com/r/StockMarket/comments/1o4sjzh/week_recap_trump_warned_of_new_massive_tariffs_on/,Week Recap: Trump warned of new 'massive' tariffs on ...,October 2025,Trump tariff trigger,High,,2026-01-30,Firecrawl Search,URL_Collected
Reddit,r/btc,https://www.reddit.com/r/btc/comments/1o693oe/the_whole_world_is_tracking_his_wallet_now/,The whole world is tracking his wallet now,"October 14, 2025",Whale tracking,High,,2026-01-30,Firecrawl Search,URL_Collected
Reddit,r/CryptoMarkets,https://www.reddit.com/r/CryptoMarkets/comments/1o456i5/top_trader_whitewhale_lost_62_million_overnight/,Top trader WhiteWhale lost 62 million overnight,October 2025,Whale liquidation,Very High,,2026-01-30,Firecrawl Search,URL_Collected
X (Twitter),,https://x.com/MHiesboeck/status/1986935441329954897,The verdict is in: October 2025 cryptocurrency market crash,October 2025,Technical analysis,High,@MHiesboeck,2026-01-30,Firecrawl Search,URL_Collected
X (Twitter),,https://x.com/SonicLabs/status/2014089653864063361,"On 10 October 2025, the biggest cryptocurrency market liquidation","October 10, 2025",Infrastructure failure,Very High,@SonicLabs,2026-01-30,Firecrawl Search,URL_Collected
X (Twitter),,https://x.com/PowerTradeHQ/status/1976979702918074703,What Triggered the Crash?,"October 10, 2025",Trigger analysis,High,@PowerTradeHQ,2026-01-30,Firecrawl Search,URL_Collected
X (Twitter),,https://x.com/mariuskarma/status/2000326250532135083,Who is so stupid as to dump themselves?,"October 10, 2025",Market manipulation theory,Medium,@mariuskarma,2026-01-30,Firecrawl Search,URL_Collected
X (Twitter),,https://x.com/leviathan_news/status/2011982010122715543,DeFi lending is entering Gen 2 after the 2025 crash,October 2025,DeFi evolution,High,@leviathan_news,2026-01-30,Firecrawl Search,URL_Collected
X (Twitter),,https://x.com/coinexcom/status/1979064957099733081,The 1011 crypto crash - $19 billion liquidation cascade,"October 10-11, 2025",Liquidation event,Very High,@coinexcom,2026-01-30,Firecrawl Search,URL_Collected
X (Twitter),,https://x.com/yq_acc/status/1978796682285666476,Perp is Not Perfect for Hedging: October 2025 Liquidation Event,"October 10-11, 2025",Derivatives analysis,High,@yq_acc,2026-01-30,Firecrawl Search,URL_Collected
X (Twitter),,https://x.com/PeckShieldAlert/status/1984556692496138313,October 2025 saw ~15 major crypto exploits,October 2025,Security incidents,High,@PeckShieldAlert,2026-01-30,Firecrawl Search,URL_Collected
X (Twitter),,https://x.com/OlympusDAO/status/1980679208180322348,The crash of October 2025 was not just a market correction,October 2025,Structural analysis,High,@OlympusDAO,2026-01-30,Firecrawl Search,URL_Collected
X (Twitter),,https://x.com/CredibleCrypto/status/1977932522886676884,The Liquidity Vacuum of Crypto's $19 Billion Collapse,October 2025,Liquidity crisis,Very High,@CredibleCrypto,2026-01-30,Firecrawl Search,URL_Collected
X (Twitter),,https://x.com/lookonchain/status/1978768341683552414,Whale 0xc2a3 made over $5.5M in profits in just 4 days,October 2025,Whale tracking - flip to long,Very High,@lookonchain,2026-01-30,Firecrawl Search - Expanded,URL_Collected
X (Twitter),,https://x.com/lookonchain/status/1978382183153697251,"Whale 0xc2a3 opened 5x short on 1,240 BTC ($140M)",October 2025,Whale tracking - massive short,Very High,@lookonchain,2026-01-30,Firecrawl Search - Expanded,URL_Collected
X (Twitter),,https://x.com/BlockFlow_News/status/1976903065879167205,"$370B wiped, whale made $193M shorting the crash","October 10, 2025",Whale profit from crash,Very High,@BlockFlow_News,2026-01-30,Firecrawl Search - Expanded,URL_Collected
X (Twitter),,https://x.com/stacy_muur/status/1979122398629687346,Whale manipulation is PROFITABLE until TVL > $100M,"October 10, 2025",Manipulation mechanics,High,@stacy_muur,2026-01-30,Firecrawl Search - Expanded,URL_Collected
X (Twitter),,https://x.com/SteamMystic,Positions closed for estimated $200M profit,September-October 2025,Whale profit analysis,High,@SteamMystic,2026-01-30,Firecrawl Search - Expanded,URL_Collected
X (Twitter),,https://x.com/calmi_ken,Absolutely crazy market manipulation Oct 10,"October 10, 2025",Market manipulation claims,High,@calmi_ken,2026-01-30,Firecrawl Search - Expanded,URL_Collected
X (Twitter),,https://x.com/a1research__/status/1977067742944453083,Whale 0x2258 methodically constructed positions,October 2025,Whale positioning,Medium,@a1research__,2026-01-30,Firecrawl Search - Expanded,URL_Collected
X (Twitter),,https://x.com/btc_oiler,October 10 2025: largest CORE whales went NEGATIVE,"October 10, 2025",Whale liquidation,Medium,@btc_oiler,2026-01-30,Firecrawl Search - Expanded,URL_Collected
X (Twitter),,https://x.com/thecryptobasic/status/1985968869006327984,October 2025 $19 billion record liquidations,October 2025,Liquidation data,High,@thecryptobasic,2026-01-30,Firecrawl Search - Expanded,URL_Collected
X (Twitter),,https://x.com/MatthewRyanCase/status/1977777685897335039,Total liquidations reached $19 billion - CoinGlass,"October 10, 2025",Liquidation statistics,Very High,@MatthewRyanCase,2026-01-30,Firecrawl Search - Expanded,URL_Collected
X (Twitter),,https://x.com/rocketrader01,"$19B+ global liquidations, alts down 50-70%",October 2025,Market impact analysis,High,@rocketrader01,2026-01-30,Firecrawl Search - Expanded,URL_Collected
X (Twitter),,https://x.com/webmasterstudio,Coinglass: $16-19 billion forced closures,October 2025,Data analysis,Medium,@webmasterstudio,2026-01-30,Firecrawl Search - Expanded,URL_Collected
X (Twitter),,https://x.com/MyrrhaLabs,October 2025 liquidation - severe structural shock,October 2025,Market structure analysis,High,@MyrrhaLabs,2026-01-30,Firecrawl Search - Expanded,URL_Collected
X (Twitter),,https://x.com/APompliano/status/1976776009073701281,October 2025 bitcoin bear market is already over,"October 10, 2025",Market psychology - recovery,Very High,@APompliano,2026-01-30,Firecrawl Search - Final,URL_Collected
X (Twitter),,https://x.com/APompliano/status/1976760729957970155,Geopolitical news breaks. Bitcoin is open,"October 10, 2025",24/7 market advantage,High,@APompliano,2026-01-30,Firecrawl Search - Final,URL_Collected
X (Twitter),,https://x.com/CryptoKaleo/status/1985723548825239867,In 2024 I thought top would be October 2025,November 2025,Cycle prediction,Very High,@CryptoKaleo,2026-01-30,Firecrawl Search - Final,URL_Collected
X (Twitter),,https://x.com/DewhalesCapital/status/2014445648012313017,October 10 largest liquidation event,"October 10, 2025",Liquidation statistics,High,@DewhalesCapital,2026-01-30,Firecrawl Search - Final,URL_Collected
X (Twitter),,https://x.com/shanaka86/status/1976945098572386690,Trump's 100% China tariffs triggered $19.3B wipeout,October 2025,Tariff trigger,Very High,@shanaka86,2026-01-30,Firecrawl Search - Final,URL_Collected
X (Twitter),,https://x.com/femi_0x,Largest liquidation event wiped $19b in leverage,"October 10, 2025",Leverage collapse,High,@femi_0x,2026-01-30,Firecrawl Search - Final,URL_Collected
X (Twitter),,https://x.com/cryptoasian88,Industry witnessed largest liquidation in history,"October 10, 2025",Historical significance,High,@cryptoasian88,2026-01-30,Firecrawl Search - Final,URL_Collected
X (Twitter),,https://x.com/ChathuraVirajW1,87% liquidations were longs. 1.66M traders rekt,October 2025,Long squeeze,Very High,@ChathuraVirajW1,2026-01-30,Firecrawl Search - Final,URL_Collected
X (Twitter),,https://x.com/instelmakh,October liquidation reminded leverage and volatility,October 2025,Risk management lesson,Medium,@instelmakh,2026-01-30,Firecrawl Search - Final,URL_Collected
X (Twitter),,https://x.com/kendude_,USDe trading at $0.65 marked down collateral,October 2025,Stablecoin depeg,High,@kendude_,2026-01-30,Firecrawl Search - Final,URL_Collected
X (Twitter),,https://x.com/rahulbhadoriya,Ethena $14.98B TVL contracted to $6.6B,October 2025 to January 2026,TVL collapse,High,@rahulbhadoriya,2026-01-30,Firecrawl Search - Final,URL_Collected
BitcoinTalk,,https://bitcointalk.org/index.php?topic=5569583.0,List of Key Events of 2025 - October liquidity drain,October 2025,Forum discussion - key events,Very High,Community,2026-01-30,Firecrawl Search - Massive Expansion,URL_Collected
Medium,,https://medium.com/@j.razo7869/the-day-crypto-fell-and-why-it-might-have-just-reset-the-entire-market-250a44a00d0a,The Day Crypto Fell And Why It Might Have Just Reset,"October 11, 2025",Market reset analysis,High,@j.razo7869,2026-01-30,Firecrawl Search - Massive Expansion,URL_Collected
Medium,,https://medium.com/nolusprotocol/liquidation-impacts-17163b01e7de,Liquidation Impacts - $20 billion deleveraging,Mid-October 2025,DeFi protocol analysis,High,Nolus Protocol,2026-01-30,Firecrawl Search - Massive Expansion,URL_Collected
Medium,,https://medium.com/thecapital/the-truth-about-the-current-crypto-market-08b018a34cc6,The Truth About the Current Crypto Market,"October 10, 2025",Market truth analysis,Very High,Ben Fairbank,2026-01-30,Firecrawl Search - Massive Expansion,URL_Collected
Medium,,https://medium.com/@Lastadam/the-october-2025-stress-test-what-really-happened-when-crypto-infrastructure-failed-518550a58ad8,What Really Happened When Crypto Infrastructure Failed,"October 10-11, 2025",Infrastructure failure,Very High,@Lastadam,2026-01-30,Firecrawl Search - Massive Expansion,URL_Collected
Medium,,https://medium.com/@veritaschain/the-day-a-tweet-moved-2-4-trillion-and-why-we-still-cant-prove-what-happened-50ccdfd2d3b3,The Day a Tweet Moved $2.4 Trillion,October 2025,Trump tweet impact,Very High,@veritaschain,2026-01-30,Firecrawl Search - Massive Expansion,URL_Collected
Medium,,https://medium.com/@nicolakharvey/infrastructure-failures-that-amplified-the-crash-545656ab1c09,Infrastructure Failures That Amplified the Crash,October 2025,Technical breakdown,High,@nicolakharvey,2026-01-30,Firecrawl Search - Massive Expansion,URL_Collected
Medium,,https://medium.com/coinmonks/crypto-market-meltdown-millions-lost-billions-whats-next-3c9f87d88868,Crypto Market Meltdown: Millions Lost Billions,October 2025,Loss narrative,Very High,CoinMonks,2026-01-30,Firecrawl Search - Massive Expansion,URL_Collected
Medium,,https://medium.com/@Flavoured/surviving-the-worst-crash-in-crypto-history-october-10-2025-f1f6a78528e5,Surviving the WORST Crash in Crypto History,"October 10, 2025",Survival guide,Very High,@Flavoured,2026-01-30,Firecrawl Search - Massive Expansion,URL_Collected
Medium,,https://medium.com/@bokiko/the-great-crypto-leverage-reset-96c868ca5a35,The Great Crypto Leverage Reset,October 2025,Leverage analysis,High,@bokiko,2026-01-30,Firecrawl Search - Massive Expansion,URL_Collected
YouTube,,https://www.youtube.com/watch?v=8w25QCpiffg,Trump Insider Whale Who Made $160M From BTC Crash,October 2025,Whale profit analysis,Very High,Crypto YouTuber,2026-01-30,Firecrawl Search - Massive Expansion,URL_Collected
YouTube,,https://www.youtube.com/watch?v=k1J925PNFT0,"Binance USDe, wBETH Crash: Full October 2025 Breakdown","October 10-11, 2025",Exchange crash analysis,Very High,Crypto News,2026-01-30,Firecrawl Search - Massive Expansion,URL_Collected
YouTube,,https://www.youtube.com/watch?v=qcWSRonfeq0,Bitcoin Braces as Trump Slaps 25% Tariffs,October 2025,Tariff impact,High,Market Analysis,2026-01-30,Firecrawl Search - Massive Expansion,URL_Collected
YouTube,,https://www.youtube.com/watch?v=QnFoP6vak1Q,"Bitcoin, Ethereum & Altcoins Bloodbath Analysis",October 2025,Altcoin crash,Very High,Trading Channel,2026-01-30,Firecrawl Search - Massive Expansion,URL_Collected
YouTube,,https://www.youtube.com/watch?v=TChShsczovg,Billions GONE! They couldn't get in or out,October 2025,Exchange lockout,Very High,Crypto Alerts,2026-01-30,Firecrawl Search - Massive Expansion,URL_Collected
YouTube,,https://www.youtube.com/watch?v=sik3g68TdYk,Why This XRP Crash Pattern ALWAYS Repeats,October-November 2025,Pattern analysis,High,XRP Analysis,2026-01-30,Firecrawl Search - Massive Expansion,URL_Collected
YouTube,,https://www.youtube.com/watch?v=6JVHUq1SY70,The REAL Reason For Yesterday's Crypto Collapse,"October 10, 2025",Root cause analysis,Very High,Market Analyst,2026-01-30,Firecrawl Search - Massive Expansion,URL_Collected
Substack,,https://dewhales.substack.com/p/major-exploits-of-2025,Major Exploits of 2025 - Oracle manipulation,2025,Security analysis,High,Dewhales Research,2026-01-30,Firecrawl Search - Massive Expansion,URL_Collected
Substack,,https://alphawavess.substack.com/p/bitcoins-three-body-problem-the-forces,Bitcoin's Three-Body Problem: Price Manipulation,Mid-October 2025,Manipulation theory,High,Alpha Waves,2026-01-30,Firecrawl Search - Massive Expansion,URL_Collected
Substack,,https://shanakaanslemperera.substack.com/p/the-great-filtration-why-altcoin,THE GREAT FILTRATION: WHY ALTCOIN SEASON DIDN'T DIE,"October 10-11, 2025",Altcoin season analysis,High,Shanaka Perera,2026-01-30,Firecrawl Search - Massive Expansion,URL_Collected
Substack,,https://cointegrity.substack.com/p/the-anatomy-of-a-perfect-storm,The Anatomy of a Perfect Storm,"October 14, 2025",Crash anatomy,Very High,Torstein,2026-01-30,Firecrawl Search - Massive Expansion,URL_Collected
Substack,,https://getirked.substack.com/p/why-bitcoin-whales-are-the-real-puppet,Why Bitcoin Whales Are the Real Puppet Masters,October 2025,Whale control,Very High,GetIrked,2026-01-30,Firecrawl Search - Massive Expansion,URL_Collected
Substack,,https://inbitcoinwetrust.substack.com/p/bitcoins-october-purge-was-trumps,Bitcoin's October Purge: Was Trump's Trade War the Cover,October 2025,Conspiracy analysis,Very High,In Bitcoin We Trust,2026-01-30,Firecrawl Search - Massive Expansion,URL_Collected
News,,https://www.thestreet.com/crypto/money-mistakes/friday-crash-trader-entire-life-savings,Friday crash destroys trader's entire life savings,"October 24, 2025",Personal loss story,Very High,TheStreet,2026-01-30,Firecrawl Search - Massive Expansion,URL_Collected
News,,https://www.forbes.com/sites/boazsobrado/2025/10/21/locked-out-and-liquidated-traders-blame-binance-for-19-billion-crash/,Locked Out And Liquidated: Traders Blame Binance,"October 10-11, 2025",Exchange blame,Very High,Forbes,2026-01-30,Firecrawl Search - Massive Expansion,URL_Collected
News,,https://www.wsj.com/finance/currencies/a-historic-crypto-selloff-erased-over-19-billion-but-two-accounts-made-160-million-3144cccd,A Historic Crypto Selloff - Two Accounts Made $160 Million,October 2025,Insider trading suspicion,Very High,WSJ,2026-01-30,Firecrawl Search - Massive Expansion,URL_Collected
News,,https://www.reuters.com/world/asia-pacific/after-record-crypto-crash-rush-hedge-against-another-freefall-2025-10-13/,"After record crypto crash, rush to hedge","October 13, 2025",Post-crash hedging,High,Reuters,2026-01-30,Firecrawl Search - Massive Expansion,URL_Collected
News,,https://www.moneysense.ca/columns/canadian-crypto-observer/crypto-investors-lose-billions-in-biggest-ever-liquidation-event/,Crypto investors lose billions in biggest-ever liquidation,October 2025,Canadian perspective,High,MoneySense,2026-01-30,Firecrawl Search - Massive Expansion,URL_Collected
News,,https://finance.yahoo.com/news/bitcoin-crash-incoming-long-term-121715066.html,Bitcoin Crash Incoming? Long-Term Holders Dump BTC,Post-October 2025,Long-term holder behavior,High,Yahoo Finance,2026-01-30,Firecrawl Search - Final Expansion,URL_Collected
News,,https://www.financemagnates.com/trending/this-new-bitcoin-price-prediction-shows-btc-may-fall-25-below-70000/,Bitcoin May Fall 25% - Down 28% from October 2025 ATH,Post-October 2025,Price prediction post-crash,High,Finance Magnates,2026-01-30,Firecrawl Search - Final Expansion,URL_Collected
News,,https://www.ainvest.com/news/bitcoin-90-000-rejection-structural-warning-2026-2601/,Bitcoin's $90K Rejection - Liquidity 40% Below Pre-Crash,2026,Liquidity crisis aftermath,High,AIInvest,2026-01-30,Firecrawl Search - Final Expansion,URL_Collected
News,,https://www.forbes.com/sites/greatspeculations/2026/01/26/bitcoin-downside-where-does-this-fall-in-btc-price-end/,Bitcoin Downside: The $20B October Liquidation Impact,January 2026,Long-term crash impact,High,Forbes,2026-01-30,Firecrawl Search - Final Expansion,URL_Collected
YouTube,,https://www.youtube.com/watch?v=z6WZCklalmc,Warning: Will Crypto Crash In September 2025?,September 2025,Pre-crash warning,Medium,Crypto Analysis,2026-01-30,Firecrawl Search - Final Expansion,URL_Collected
News,,https://m.economictimes.com/news/international/us/btc-bitcoin-price-today-22-sept-2025-why-bitcoin-crash-warning-price-prediction-major-market-selloff-vs-shocking-rebound-analysis/articleshow/124054496.cms,"BTC Bitcoin Price Sept 22, 2025 - Crash Warning","September 22, 2025",Pre-crash market warning,High,Economic Times,2026-01-30,Firecrawl Search - Final Expansion,URL_Collected
News,,https://www.blockhead.co/2026/01/30/bitcoin-plunges-below-82k-as-crypto-selloff-deepens-despite-bullish-regulatory-signals/,Bitcoin Below $82K - 30% from October 2025 Highs,"January 30, 2026",Continued decline,High,Blockhead,2026-01-30,Firecrawl Search - Final Expansion,URL_Collected
