platform,url,author,title,collected_at,record_id,collected_timestamp,kw_liquidation,kw_crash,kw_whale,kw_Trump_tariff,kw_Binance_CZ,kw_Hyperliquid,kw_$19B,kw_October_10,kw_panic_fear,kw_manipulation,kw_flash_crash,kw_DeFi,kw_leverage,kw_exchange_down,kw_profit_loss,sentiment,category,influence_score,time_period,source_detail
X,https://x.com/MHiesboeck/status/1986935441329954897,@MHiesboeck,October 2025 cryptocurrency market crash textbook example,2026-02-02 01:14:24,1,2026-02-02 01:17:59,False,True,False,False,False,False,False,False,False,False,False,False,False,False,False,Negative,General_Discussion,0.0,October_2025_General,@MHiesboeck
X,https://x.com/DewhalesCapital/status/2014445648012313017,@DewhalesCapital,October 10 largest liquidation event,2026-02-02 01:14:24,2,2026-02-02 01:17:59,True,False,False,False,False,False,False,True,False,False,False,False,False,False,False,Negative,Liquidation_Event,13.0,Oct_10_During_Crash,@DewhalesCapital
X,https://x.com/coinexcom/status/1979064957099733081,@coinexcom,1011 crypto crash $19 billion liquidation cascade,2026-02-02 01:14:24,3,2026-02-02 01:17:59,True,True,False,False,False,False,True,False,False,False,False,False,False,False,False,Negative,Liquidation_Event,19.5,No_Specific_Date,@coinexcom
X,https://x.com/mariuskarma/status/2000326250532135083,@mariuskarma,10 October 2025 largest single liquidation $19B,2026-02-02 01:14:24,4,2026-02-02 01:17:59,True,False,False,False,False,False,True,False,False,False,False,False,False,False,False,Negative,Liquidation_Event,32.5,October_2025_General,@mariuskarma
X,https://x.com/REMToken/status/1978261690757312691,@REMToken,October 2025 Flash Crash Volatility Test,2026-02-02 01:14:24,5,2026-02-02 01:17:59,False,True,False,False,False,False,False,False,False,False,True,False,False,False,False,Negative,Flash_Crash_Analysis,0.0,October_2025_General,@REMToken
X,https://x.com/yq_acc/status/1978796682285666476,@yq_acc,Perp hedging October 10-11 2025 liquidation,2026-02-02 01:14:24,6,2026-02-02 01:17:59,True,False,False,False,False,False,False,True,False,False,False,False,False,False,False,Negative,Liquidation_Event,15.6,Oct_10_During_Crash,@yq_acc
X,https://x.com/BitPaine/status/2017753731711021408,@BitPaine,Biggest liquidation crash suspicious timing,2026-02-02 01:14:24,7,2026-02-02 01:17:59,True,True,False,False,False,False,False,False,False,False,False,False,False,False,False,Negative,Liquidation_Event,13.0,No_Specific_Date,@BitPaine
X,https://x.com/Crypto_Briefing/status/2011274404223979723,@Crypto_Briefing,Whale $50M unrealized profits October crash,2026-02-02 01:14:24,8,2026-02-02 01:17:59,False,True,True,False,False,False,False,False,False,False,False,False,False,False,True,Negative,Whale_Tracking,0.0,October_2025_General,@Crypto_Briefing
X,https://x.com/lookonchain/status/2000007524192547077,@lookonchain,"Whale 0x9F61 swapped 502.8 BTC for 14,500 ETH",2026-02-02 01:14:24,9,2026-02-02 01:17:59,False,False,True,False,False,False,False,False,False,False,False,False,False,False,False,Mixed,Whale_Tracking,26.0,No_Specific_Date,@lookonchain
X,https://x.com/lookonchain/status/2001881987435651333,@lookonchain,Whale 0x94d3 sold 255 BTC opened 10x short,2026-02-02 01:14:24,10,2026-02-02 01:17:59,False,False,True,False,False,False,False,False,False,False,False,False,True,False,False,Mixed,Whale_Tracking,26.0,No_Specific_Date,@lookonchain
X,https://x.com/lookonchain/status/1998973903436394743,@lookonchain,"Whale exchanged 1,466 BTC for 43,649 ETH",2026-02-02 01:14:24,11,2026-02-02 01:17:59,False,False,True,False,False,False,False,False,False,False,False,False,False,True,False,Mixed,Whale_Tracking,26.0,No_Specific_Date,@lookonchain
X,https://x.com/lookonchain/status/2005514075221250329,@lookonchain,"Whale bought 569,247 ETH $1.69B",2026-02-02 01:14:24,12,2026-02-02 01:17:59,False,False,True,False,False,False,False,False,False,False,False,False,False,False,False,Positive,Whale_Tracking,26.0,No_Specific_Date,@lookonchain
X,https://x.com/lookonchain/status/2005863404129427695,@lookonchain,Sold 255 BTC short whale $50K loss,2026-02-02 01:14:24,13,2026-02-02 01:17:59,False,False,True,False,False,False,False,False,False,False,False,False,True,False,True,Negative,Whale_Tracking,26.0,No_Specific_Date,@lookonchain
X,https://x.com/lookonchain/status/2001578586990600393,@lookonchain,"BitcoinOG added 12,406 ETH longs",2026-02-02 01:14:24,14,2026-02-02 01:17:59,False,False,False,False,False,False,False,False,False,False,False,False,True,False,False,Mixed,General_Discussion,26.0,No_Specific_Date,@lookonchain
X,https://x.com/lookonchain/status/1974759586377953342,@lookonchain,BTC broke $125K ATH whale $2.5M profit,2026-02-02 01:14:24,15,2026-02-02 01:17:59,False,False,True,False,False,False,False,False,False,False,False,False,False,False,True,Positive,Whale_Tracking,26.0,No_Specific_Date,@lookonchain
X,https://x.com/lookonchain/status/2005873860370129023,@lookonchain,"BitcoinOG $749M long 112,894 ETH to Binance",2026-02-02 01:14:24,16,2026-02-02 01:17:59,False,False,False,False,True,False,False,False,False,False,False,False,True,False,False,Mixed,Exchange_Issue,26.0,No_Specific_Date,@lookonchain
X,https://x.com/leviathan_news/status/2011982010122715543,@leviathan_news,DeFi Gen 2 after October liquidation,2026-02-02 01:14:24,17,2026-02-02 01:17:59,True,False,False,False,False,False,False,False,False,False,False,True,False,False,False,Negative,Liquidation_Event,0.0,October_2025_General,@leviathan_news
X,https://x.com/cryptoasian88,@cryptoasian88,October 10 2025 largest liquidation history,2026-02-02 01:14:24,18,2026-02-02 01:17:59,True,False,False,False,False,False,False,True,False,False,False,False,False,False,False,Negative,Liquidation_Event,23.4,Oct_10_During_Crash,@cryptoasian88
X,https://x.com/gnoble79,@gnoble79,Trump 100% tariff $19B wiped 1.6M accounts,2026-02-02 01:14:24,19,2026-02-02 01:17:59,False,False,False,True,False,False,True,False,False,False,False,False,False,False,True,Very_Negative,Trump_Tariff_Impact,19.5,No_Specific_Date,@gnoble79
X,https://x.com/skizdidlyidler,@skizdidlyidler,October 10 coordinated manipulation,2026-02-02 01:14:24,20,2026-02-02 01:17:59,False,False,False,False,False,False,False,True,False,True,False,False,False,False,False,Mixed,Manipulation_Suspicion,0.0,Oct_10_During_Crash,@skizdidlyidler
X,https://x.com/Col3drop,@Col3drop,October 11 crash unforgettable,2026-02-02 01:14:24,21,2026-02-02 01:17:59,False,True,False,False,False,False,False,False,False,False,False,False,False,False,False,Negative,General_Discussion,0.0,Oct_11_Day_After,@Col3drop
X,https://x.com/citterxbt,@citterxbt,October 10 $19B liquidations median fee $100,2026-02-02 01:14:24,22,2026-02-02 01:17:59,True,False,False,False,False,False,True,True,False,False,False,False,False,False,False,Negative,Liquidation_Event,19.5,Oct_10_During_Crash,@citterxbt
X,https://x.com/DanIsNearby,@DanIsNearby,October 10 The Flush most brutal ever,2026-02-02 01:14:24,23,2026-02-02 01:17:59,False,False,False,False,False,False,False,True,False,False,False,False,False,False,False,Mixed,General_Discussion,0.0,Oct_10_During_Crash,@DanIsNearby
X,https://x.com/APompliano/status/1976776009073701281,@APompliano,October bear market already over,2026-02-02 01:14:24,24,2026-02-02 01:17:59,False,False,False,False,False,False,False,False,False,False,False,False,False,False,False,Mixed,General_Discussion,0.0,October_2025_General,@APompliano
X,https://x.com/CryptoKaleo/status/1985723548825239867,@CryptoKaleo,Top not in yet November 2025,2026-02-02 01:14:24,25,2026-02-02 01:17:59,False,False,False,False,False,False,False,False,False,False,False,False,False,False,False,Mixed,General_Discussion,0.0,November_Post_Crash,@CryptoKaleo
X,https://x.com/bitcoin_dawg/status/1976857774933131449,@bitcoin_dawg,Bear market over emotional control,2026-02-02 01:14:24,26,2026-02-02 01:17:59,False,False,False,False,False,False,False,False,False,False,False,False,False,False,False,Mixed,General_Discussion,0.0,No_Specific_Date,@bitcoin_dawg
X,https://x.com/tradenalytics,@tradenalytics,September last price target,2026-02-02 01:14:24,27,2026-02-02 01:17:59,False,False,False,False,False,False,False,False,False,False,False,False,False,False,False,Mixed,General_Discussion,0.0,No_Specific_Date,@tradenalytics
X,https://x.com/Cindicator,@Cindicator,October 10 biggest flash crash,2026-02-02 01:14:24,28,2026-02-02 01:17:59,False,True,False,False,False,False,False,True,False,False,True,False,False,False,False,Negative,Flash_Crash_Analysis,13.0,Oct_10_During_Crash,@Cindicator
X,https://x.com/JuliusElum/status/2017557471255027979,@JuliusElum,Biggest liquidation October 10 $19B,2026-02-02 01:14:24,29,2026-02-02 01:17:59,True,False,False,False,False,False,True,True,False,False,False,False,False,False,False,Negative,Liquidation_Event,32.5,Oct_10_During_Crash,@JuliusElum
X,https://x.com/DeItaone/status/2017304811654336876,@DeItaone,CZ rejects blame Binance crash,2026-02-02 01:14:24,30,2026-02-02 01:17:59,False,True,False,False,True,False,False,False,False,False,False,False,False,False,False,Negative,Exchange_Issue,0.0,No_Specific_Date,@DeItaone
X,https://x.com/Cointelegraph/status/2017342705182118140,@Cointelegraph,CZ pushback $19B liquidation claims,2026-02-02 01:14:24,31,2026-02-02 01:17:59,True,False,False,False,True,False,True,False,False,False,False,False,False,False,False,Negative,Liquidation_Event,45.5,No_Specific_Date,@Cointelegraph
X,https://x.com/KobeissiLetter/status/1990201717552492795,@KobeissiLetter,Structural shift 10% below Oct 10,2026-02-02 01:14:24,32,2026-02-02 01:17:59,False,False,False,False,False,False,False,True,False,False,False,False,False,False,False,Mixed,General_Discussion,26.0,Oct_10_During_Crash,@KobeissiLetter
X,https://x.com/DeItaone/status/1976947929681125509,@DeItaone,$19B wiped Trump tariff shock,2026-02-02 01:14:24,33,2026-02-02 01:17:59,False,False,False,True,False,False,True,False,False,False,False,False,False,False,True,Very_Negative,Trump_Tariff_Impact,19.5,No_Specific_Date,@DeItaone
X,https://x.com/DeItaone/status/1981041988884713497,@DeItaone,Record $19B liquidation 1.6M traders,2026-02-02 01:14:24,34,2026-02-02 01:17:59,True,False,False,False,False,False,True,False,False,False,False,False,False,False,False,Negative,Liquidation_Event,28.6,No_Specific_Date,@DeItaone
X,https://x.com/entrepreneur_cm/status/2017343111513731278,@entrepreneur_cm,Binance fueled $19B liquidation,2026-02-02 01:14:24,35,2026-02-02 01:17:59,True,False,False,False,True,False,True,False,False,False,False,False,False,False,False,Negative,Liquidation_Event,19.5,No_Specific_Date,@entrepreneur_cm
X,https://x.com/AshCrypto/status/1997387486784536584,@AshCrypto,Since Oct 10 flash crash comparison,2026-02-02 01:14:24,36,2026-02-02 01:17:59,False,True,False,False,False,False,False,True,False,False,True,False,False,False,False,Negative,Flash_Crash_Analysis,0.0,Oct_10_During_Crash,@AshCrypto
X,https://x.com/galaxyhq/status/1977928018245931120,@galaxyhq,Sharp downturn technical issue $19B,2026-02-02 01:14:24,37,2026-02-02 01:17:59,False,False,False,False,False,False,True,False,False,False,False,False,False,True,False,Mixed,General_Discussion,35.1,No_Specific_Date,@galaxyhq
X,https://x.com/MultiversX/status/1976946566662672421,@MultiversX,Largest liquidation event $19B vs FTX,2026-02-02 01:14:24,38,2026-02-02 01:17:59,True,False,False,False,False,False,True,False,False,False,False,False,False,False,False,Negative,Liquidation_Event,32.5,No_Specific_Date,@MultiversX
Reddit,https://www.reddit.com/r/CryptoCurrency/comments/1qi6689/500m_liquidated_overnight_when_did_we_normalize/,r/CryptoCurrency,$500M liquidated overnight normalization,2026-02-02 01:14:24,39,2026-02-02 01:17:59,True,False,False,False,False,False,False,False,False,False,False,False,False,False,True,Negative,Liquidation_Event,10.0,No_Specific_Date,CryptoCurrency
Reddit,https://www.reddit.com/r/CryptoCurrency/comments/1o3ishj/does_anyone_know_how_historic_this_crash_was/,r/CryptoCurrency,How historic was this crash,2026-02-02 01:14:24,40,2026-02-02 01:17:59,False,True,False,False,False,False,False,False,False,False,False,False,False,False,False,Negative,General_Discussion,8.0,No_Specific_Date,CryptoCurrency
Reddit,https://www.reddit.com/r/CryptoCurrency/comments/1q4v6jh/344430000_in_short_positions_has_been_liquidated/,r/CryptoCurrency,$344M short positions liquidated,2026-02-02 01:14:24,41,2026-02-02 01:17:59,True,False,False,False,False,False,False,False,False,False,False,False,True,False,True,Negative,Liquidation_Event,0.0,No_Specific_Date,CryptoCurrency
Reddit,https://www.reddit.com/r/CryptoCurrency/comments/1o2lz83/daily_crypto_discussion_october_10_2025_gmt0/,r/CryptoCurrency,Daily Discussion October 10 2025,2026-02-02 01:14:24,42,2026-02-02 01:17:59,False,False,False,False,False,False,False,True,False,False,False,False,False,False,False,Neutral,Daily_Discussion,0.0,Oct_10_During_Crash,CryptoCurrency
Reddit,https://www.reddit.com/r/CryptoCurrency/comments/1ok2hxm/bitcoin_risks_2030_drop_as_crypto_markets/,r/CryptoCurrency,Bitcoin risks 20-30% drop,2026-02-02 01:14:24,43,2026-02-02 01:17:59,False,False,False,False,False,False,False,False,False,False,False,False,False,False,False,Mixed,General_Discussion,0.0,No_Specific_Date,CryptoCurrency
Reddit,https://www.reddit.com/r/CryptoCurrency/comments/1p38d0b/feels_so_wrong_to_sell_in_extreme_fear/,r/CryptoCurrency,Feels wrong to sell extreme fear,2026-02-02 01:14:24,44,2026-02-02 01:17:59,False,False,False,False,False,False,False,False,True,False,False,False,False,False,False,Negative,General_Discussion,0.0,No_Specific_Date,CryptoCurrency
Reddit,https://www.reddit.com/r/CryptoCurrency/comments/1olwmxx/bitcoin_suffers_its_first_october_monthly_loss_in/,r/CryptoCurrency,Bitcoin first October monthly loss 7 years,2026-02-02 01:14:24,45,2026-02-02 01:17:59,False,False,False,False,False,False,False,False,False,False,False,False,False,False,True,Negative,General_Discussion,0.0,October_2025_General,CryptoCurrency
Reddit,https://www.reddit.com/r/CryptoCurrency/comments/1o60gyb/daily_crypto_discussion_october_14_2025_gmt0/,r/CryptoCurrency,Daily Discussion October 14 2025,2026-02-02 01:14:24,46,2026-02-02 01:17:59,False,False,False,False,False,False,False,False,False,False,False,False,False,False,False,Neutral,Daily_Discussion,0.0,Oct_12-14_Recovery,CryptoCurrency
Reddit,https://www.reddit.com/r/CryptoCurrency/comments/1h80qlk/bitcoin_will_double_to_200000_by_the_end_of_2025/,r/CryptoCurrency,Bitcoin $200K prediction,2026-02-02 01:14:24,47,2026-02-02 01:17:59,False,False,False,False,False,False,False,False,False,False,False,False,False,False,False,Mixed,General_Discussion,0.0,No_Specific_Date,CryptoCurrency
Reddit,https://www.reddit.com/r/CryptoCurrency/comments/1oabea2/daily_crypto_discussion_october_19_2025_gmt0/,r/CryptoCurrency,Daily Discussion October 19 2025,2026-02-02 01:14:24,48,2026-02-02 01:17:59,False,False,False,False,False,False,False,False,False,False,False,False,False,False,False,Neutral,Daily_Discussion,0.0,October_2025_General,CryptoCurrency
Reddit,https://www.reddit.com/r/Bitcoin/comments/1o2t3fy/daily_discussion_october_10_2025/,r/Bitcoin,Daily Discussion October 10 2025,2026-02-02 01:14:24,49,2026-02-02 01:17:59,False,False,False,False,False,False,False,True,False,False,False,False,False,False,False,Neutral,Daily_Discussion,0.0,Oct_10_During_Crash,Bitcoin
Reddit,https://www.reddit.com/r/Bitcoin/comments/1o3nxwn/daily_discussion_october_11_2025/,r/Bitcoin,Daily Discussion October 11 2025,2026-02-02 01:14:24,50,2026-02-02 01:17:59,False,False,False,False,False,False,False,False,False,False,False,False,False,False,False,Neutral,Daily_Discussion,0.0,Oct_11_Day_After,Bitcoin
Reddit,https://www.reddit.com/r/Bitcoin/comments/1p03yi0/people_who_believe_in_the_four_year_cycle_are/,r/Bitcoin,Four year cycle believers discussion,2026-02-02 01:14:24,51,2026-02-02 01:17:59,False,False,False,False,False,False,False,False,False,False,False,False,False,False,False,Neutral,General_Discussion,0.0,No_Specific_Date,Bitcoin
Reddit,https://www.reddit.com/r/Bitcoin/comments/1o737qh/daily_discussion_october_15_2025/,r/Bitcoin,Daily Discussion October 15 2025,2026-02-02 01:14:24,52,2026-02-02 01:17:59,False,False,False,False,False,False,False,False,False,False,False,False,False,False,False,Neutral,Daily_Discussion,0.0,October_2025_General,Bitcoin
Reddit,https://www.reddit.com/r/Bitcoin/comments/1p4lq44/my_first_real_taste_of_bitcoin_volatility_and_the/,r/Bitcoin,First taste volatility October 10,2026-02-02 01:14:24,53,2026-02-02 01:17:59,False,False,False,False,False,False,False,True,False,False,False,False,False,False,False,Mixed,General_Discussion,0.0,Oct_10_During_Crash,Bitcoin
Reddit,https://www.reddit.com/r/Bitcoin/comments/1o5bu1j/daily_discussion_october_13_2025/,r/Bitcoin,Daily Discussion October 13 2025,2026-02-02 01:14:24,54,2026-02-02 01:17:59,False,False,False,False,False,False,False,False,False,False,False,False,False,False,False,Neutral,Daily_Discussion,0.0,Oct_12-14_Recovery,Bitcoin
Reddit,https://www.reddit.com/r/Bitcoin/comments/1o3ky1o/is_october_the_beginning_of_the_next_bear_market/,r/Bitcoin,Is October beginning bear market,2026-02-02 01:14:24,55,2026-02-02 01:17:59,False,False,False,False,False,False,False,False,False,False,False,False,False,False,False,Mixed,General_Discussion,0.0,October_2025_General,Bitcoin
Reddit,https://www.reddit.com/r/Bitcoin/comments/1o6kjsz/btc_still_looks_strong_to_me_even_after_that/,r/Bitcoin,BTC strong after massive wipeout,2026-02-02 01:14:24,56,2026-02-02 01:17:59,False,False,False,False,False,False,False,False,False,False,False,False,False,False,False,Positive,General_Discussion,0.0,No_Specific_Date,Bitcoin
Reddit,https://www.reddit.com/r/Bitcoin/comments/1povh2n/the_fatigue_filter/,r/Bitcoin,Fatigue Filter October 10 scandal,2026-02-02 01:14:24,57,2026-02-02 01:17:59,False,False,False,False,False,False,False,True,False,False,False,False,False,False,False,Mixed,General_Discussion,0.0,Oct_10_During_Crash,Bitcoin
Reddit,https://www.reddit.com/r/Bitcoin/comments/1o4rc8w/btc_went_up_congrats_to_everyone_who_bought_the/,r/Bitcoin,Congrats bought the dip,2026-02-02 01:14:24,58,2026-02-02 01:17:59,False,False,False,False,False,False,False,False,False,False,False,False,False,False,False,Positive,General_Discussion,0.0,No_Specific_Date,Bitcoin
Reddit,https://www.reddit.com/r/CryptoCurrency/comments/1p1j729/the_october_10th_crash_is_still_killing/,r/CryptoCurrency,October 10th crash still killing institutional demand,2026-02-02 01:14:24,59,2026-02-02 01:17:59,False,True,False,False,False,False,False,True,False,False,False,False,False,False,False,Negative,General_Discussion,0.0,Oct_10_During_Crash,CryptoCurrency
Reddit,https://www.reddit.com/r/CryptoCurrency/comments/1qqjvn9/crypto_bloodbath_bitcoin_slips_below_85k_796m/,r/CryptoCurrency,Crypto Bloodbath Bitcoin below $85K $796M,2026-02-02 01:14:24,60,2026-02-02 01:17:59,False,False,False,False,False,False,False,False,True,False,False,False,False,False,False,Very_Negative,General_Discussion,0.0,No_Specific_Date,CryptoCurrency
Reddit,https://www.reddit.com/r/CryptoCurrency/comments/1qsmgmh/trader_who_made_millions_in_october_crash_gets/,r/CryptoCurrency,Trader made millions October crash liquidated,2026-02-02 01:14:24,61,2026-02-02 01:17:59,True,True,False,False,False,False,False,False,False,False,False,False,False,False,True,Negative,Liquidation_Event,0.0,October_2025_General,CryptoCurrency
Reddit,https://www.reddit.com/r/CryptoCurrency/comments/1oanbqc/everyone_panicked_on_october_10_but_thats_just/,r/CryptoCurrency,Everyone panicked October 10 just crypto,2026-02-02 01:14:24,62,2026-02-02 01:17:59,False,False,False,False,False,False,False,True,True,False,False,False,False,False,False,Negative,General_Discussion,0.0,Oct_10_During_Crash,CryptoCurrency
Reddit,https://www.reddit.com/r/CryptoCurrency/comments/1ppr5zq/what_really_happened_to_crypto_on_october_10th/,r/CryptoCurrency,What really happened October 10th,2026-02-02 01:14:24,63,2026-02-02 01:17:59,False,False,False,False,False,False,False,True,False,False,False,False,False,False,False,Neutral,General_Discussion,0.0,Oct_10_During_Crash,CryptoCurrency
Reddit,https://www.reddit.com/r/CryptoCurrency/comments/1p2ei6t/tom_lee_drift_lower_in_crypto_reflects_since/,r/CryptoCurrency,Tom Lee drift lower since October 10,2026-02-02 01:14:24,64,2026-02-02 01:17:59,False,False,False,False,False,False,False,True,False,False,False,False,False,False,False,Mixed,General_Discussion,0.0,Oct_10_During_Crash,CryptoCurrency
Reddit,https://www.reddit.com/r/CryptoCurrency/comments/1p2vuna/bitcoins_crash_to_82k_liquidates_andrew_tate_the/,r/CryptoCurrency,Bitcoin crash $82K liquidates Andrew Tate,2026-02-02 01:14:24,65,2026-02-02 01:17:59,True,True,False,False,False,False,False,False,False,False,False,False,False,False,False,Negative,Liquidation_Event,0.0,No_Specific_Date,CryptoCurrency
Reddit,https://www.reddit.com/r/CryptoCurrency/comments/1pb4vlg/bitcoin_crashes_5_in_sunday_slam_as_liquidations/,r/CryptoCurrency,Bitcoin crashes 5% Sunday slam liquidations,2026-02-02 01:14:24,66,2026-02-02 01:17:59,True,True,False,False,False,False,False,False,False,False,False,False,False,False,False,Negative,Liquidation_Event,0.0,No_Specific_Date,CryptoCurrency
Reddit,https://www.reddit.com/r/CryptoCurrency/comments/1oaxsiz/trump_announces_tariffs_market_crashes_then_he/,r/CryptoCurrency,Trump tariffs market crashes clarification,2026-02-02 01:14:24,67,2026-02-02 01:17:59,False,True,False,True,False,False,False,False,False,False,False,False,False,False,False,Negative,Trump_Tariff_Impact,0.0,No_Specific_Date,CryptoCurrency
Reddit,https://www.reddit.com/r/CryptoMarkets/comments/1o36djg/trumps_tariff_threat_triggered_macro_shock/,r/CryptoMarkets,Trump tariff threat macro shock,2026-02-02 01:14:24,68,2026-02-02 01:17:59,False,False,False,True,False,False,False,False,False,False,False,False,False,False,False,Mixed,Trump_Tariff_Impact,0.0,No_Specific_Date,CryptoMarkets
X,https://x.com/coinbureau/status/2017908411283951635,@coinbureau,$2.56B liquidated largest since Oct 10,2026-02-02 01:14:24,69,2026-02-02 01:17:59,True,False,False,False,False,False,False,True,False,False,False,False,False,False,True,Negative,Liquidation_Event,52.0,Oct_10_During_Crash,@coinbureau
X,https://x.com/glxyresearch/status/1978524471733501994,@glxyresearch,$19B liquidations 0.45% market cap,2026-02-02 01:14:24,70,2026-02-02 01:17:59,True,False,False,False,False,False,True,False,False,False,False,False,False,False,False,Negative,Liquidation_Event,45.5,No_Specific_Date,@glxyresearch
X,https://x.com/KobeissiLetter/status/1977005754289996073,@KobeissiLetter,$19B liquidated 9X previous record,2026-02-02 01:14:24,71,2026-02-02 01:17:59,True,False,False,False,False,False,True,False,False,False,False,False,False,False,True,Negative,Liquidation_Event,54.6,No_Specific_Date,@KobeissiLetter
X,https://x.com/NewsAsset/status/2017195030012690447,@NewsAsset,Trump 100% tariff $19B wiped 24 hours,2026-02-02 01:14:24,72,2026-02-02 01:17:59,False,False,False,True,False,False,True,False,False,False,False,False,False,False,True,Very_Negative,Trump_Tariff_Impact,19.5,No_Specific_Date,@NewsAsset
X,https://x.com/FourPillarsFP/status/1979095531558441094,@FourPillarsFP,October 10 2025 crypto market crashed,2026-02-02 01:14:24,73,2026-02-02 01:17:59,False,True,False,False,False,False,False,True,False,False,False,False,False,False,False,Negative,General_Discussion,0.0,Oct_10_During_Crash,@FourPillarsFP
X,https://x.com/yq_acc/status/1977057301673787716,@yq_acc,Tariff $19B liquidation cascade,2026-02-02 01:14:24,74,2026-02-02 01:17:59,True,False,False,True,False,False,True,False,False,False,False,False,False,False,False,Negative,Liquidation_Event,35.1,No_Specific_Date,@yq_acc
X,https://x.com/asvacapital/status/1978095775650320457,@asvacapital,$1T wiped $19B leveraged 12 hours,2026-02-02 01:14:24,75,2026-02-02 01:17:59,False,False,False,False,False,False,True,False,False,False,False,False,True,False,True,Very_Negative,General_Discussion,19.5,No_Specific_Date,@asvacapital
X,https://x.com/Robert_Klondike/status/2014351359256985604,@Robert_Klondike,October 2025 -21% drop $19B liquidations,2026-02-02 01:14:24,76,2026-02-02 01:17:59,True,False,False,False,False,False,True,False,False,False,False,False,False,False,False,Negative,Liquidation_Event,35.1,October_2025_General,@Robert_Klondike
X,https://x.com/markoggwp/status/1977177427408224376,@markoggwp,Biggest liquidation event ever,2026-02-02 01:14:24,77,2026-02-02 01:17:59,True,False,False,False,False,False,False,False,False,False,False,False,False,False,False,Negative,Liquidation_Event,13.0,No_Specific_Date,@markoggwp
X,https://x.com/lookonchain/status/1998662876685545660,@lookonchain,Whale 0x76AB sold ETH long leverage,2026-02-02 01:14:24,78,2026-02-02 01:17:59,False,False,True,False,False,False,False,False,False,False,False,False,True,False,False,Mixed,Whale_Tracking,26.0,No_Specific_Date,@lookonchain
X,https://x.com/lookonchain/status/1977567814040043528,@lookonchain,Whale 0x5D2F down $4.8M liquidation $123K,2026-02-02 01:14:24,79,2026-02-02 01:17:59,True,False,True,False,False,False,False,False,False,False,False,False,False,True,False,Negative,Whale_Tracking,26.0,No_Specific_Date,@lookonchain
X,https://x.com/lookonchain/status/2000365191142523039,@lookonchain,66kETHBorrow Whale buying ETH again,2026-02-02 01:14:24,80,2026-02-02 01:17:59,False,False,True,False,False,False,False,False,False,False,False,False,False,False,False,Mixed,Whale_Tracking,26.0,No_Specific_Date,@lookonchain
X,https://x.com/lookonchain/status/1997562095567880413,@lookonchain,Whale pension 2x long 20K ETH,2026-02-02 01:14:24,81,2026-02-02 01:17:59,False,False,True,False,False,False,False,False,False,False,False,False,True,False,False,Mixed,Whale_Tracking,26.0,No_Specific_Date,@lookonchain
X,https://x.com/lookonchain/status/1978768341683552414,@lookonchain,Whale 0xc2a3 5x short 1240 BTC $140M,2026-02-02 01:14:24,82,2026-02-02 01:17:59,False,False,True,False,False,False,False,False,False,False,False,False,True,False,False,Mixed,Whale_Tracking,26.0,No_Specific_Date,@lookonchain
X,https://x.com/lookonchain/status/1978382183153697251,@lookonchain,Whale 5x short Hyperliquid liquidation $137K,2026-02-02 01:14:24,83,2026-02-02 01:17:59,True,False,True,False,False,True,False,False,False,False,False,False,True,False,False,Negative,Whale_Tracking,26.0,No_Specific_Date,@lookonchain
X,https://x.com/BlockFlow_News/status/1976903065879167205,@BlockFlow_News,$370B wiped Trump tariffs whales profit,2026-02-02 01:14:24,84,2026-02-02 01:17:59,False,False,True,True,False,False,False,False,False,False,False,False,False,False,True,Very_Negative,Whale_Tracking,13.0,No_Specific_Date,@BlockFlow_News
X,https://x.com/beincrypto/status/2017360530952884733,@beincrypto,Binance CZ response Twitter backlash,2026-02-02 01:14:24,85,2026-02-02 01:17:59,False,False,False,False,True,False,False,False,False,False,False,False,False,False,False,Mixed,Exchange_Issue,0.0,No_Specific_Date,@beincrypto
X,https://x.com/ourcryptotalk/status/2017272871798865944,@ourcryptotalk,CZ 10/10 flash crash timeline Binance glitch,2026-02-02 01:14:24,86,2026-02-02 01:17:59,False,True,False,False,True,False,False,True,False,False,True,False,False,False,False,Negative,Exchange_Issue,0.0,Oct_10_During_Crash,@ourcryptotalk
X,https://x.com/cz_binance/status/2017062756302627055,@cz_binance,Binance software glitch automatic deleveraging,2026-02-02 01:14:24,87,2026-02-02 01:17:59,False,False,False,False,True,False,False,False,False,False,False,False,False,False,False,Mixed,Exchange_Issue,26.0,No_Specific_Date,@cz_binance
X,https://x.com/Ordinals_Al/status/2017103509456376017,@Ordinals_Al,CZ Binance scams October 2025 BNB crash,2026-02-02 01:14:24,88,2026-02-02 01:17:59,False,True,False,False,True,False,False,False,False,False,False,False,False,False,False,Negative,Exchange_Issue,0.0,October_2025_General,@Ordinals_Al
X,https://x.com/MoneyCrptBunny/status/2017747585486746097,@MoneyCrptBunny,Binance 1-3% compensation October 10 crash,2026-02-02 01:14:24,89,2026-02-02 01:17:59,False,True,False,False,True,False,False,True,False,False,False,False,False,False,False,Negative,Exchange_Issue,0.0,Oct_10_During_Crash,@MoneyCrptBunny
X,https://x.com/StrongHedge/status/2015347003044037025,@StrongHedge,10/10 orchestrated biggest liquidation,2026-02-02 01:14:24,90,2026-02-02 01:17:59,True,False,False,False,False,False,False,True,False,True,False,False,False,False,False,Negative,Liquidation_Event,13.0,Oct_10_During_Crash,@StrongHedge
X,https://x.com/HyperliquidR/status/2013589617618948496,@HyperliquidR,Hyperliquid 10/10 recovery momentum,2026-02-02 01:14:24,91,2026-02-02 01:17:59,False,False,False,False,False,True,False,True,False,False,False,False,False,False,False,Positive,DeFi_Protocol,0.0,Oct_10_During_Crash,@HyperliquidR
X,https://x.com/tarunchitra/status/1998451762232177041,@tarunchitra,Hyperliquid ADL $650M PNL October 10,2026-02-02 01:14:24,92,2026-02-02 01:17:59,False,False,False,False,False,True,False,True,False,False,False,False,False,False,False,Mixed,DeFi_Protocol,0.0,Oct_10_During_Crash,@tarunchitra
X,https://x.com/cryptonary/status/1980518672926921202,@cryptonary,CZ Binance vs Hyperliquid October 10,2026-02-02 01:14:24,93,2026-02-02 01:17:59,False,False,False,False,True,True,False,True,False,False,False,False,False,False,False,Mixed,Exchange_Issue,15.6,Oct_10_During_Crash,@cryptonary
X,https://x.com/QuillAudits_AI/status/2009238615017353489,@QuillAudits_AI,October 10 2025 largest liquidation $19B,2026-02-02 01:14:24,94,2026-02-02 01:17:59,True,False,False,False,False,False,True,True,False,False,False,False,False,False,False,Negative,Liquidation_Event,32.5,Oct_10_During_Crash,@QuillAudits_AI
X,https://x.com/ConcreteXYZ/status/1989385526504243322,@ConcreteXYZ,October 10-11 $19B liquidations Hyperliquid ADL,2026-02-02 01:14:24,95,2026-02-02 01:17:59,True,False,False,False,False,True,True,True,False,False,False,False,False,False,False,Negative,Liquidation_Event,19.5,Oct_10_During_Crash,@ConcreteXYZ
X,https://x.com/JackGreenCrypto/status/2017526198419812829,@JackGreenCrypto,Largest liquidation MSCI paper October 10,2026-02-02 01:14:24,96,2026-02-02 01:17:59,True,False,False,False,False,False,False,True,False,False,False,False,False,False,False,Negative,Liquidation_Event,13.0,Oct_10_During_Crash,@JackGreenCrypto
X,https://x.com/DavidDuong/status/2005656473821446169,@DavidDuong,Composability crypto derivatives liquidation cascade,2026-02-02 01:14:24,97,2026-02-02 01:17:59,True,False,False,False,False,False,False,False,False,False,False,False,False,False,False,Negative,Liquidation_Event,0.0,No_Specific_Date,@DavidDuong
X,https://x.com/yq_acc/status/1977841370258923595,@yq_acc,October 2025 liquidity crisis voluntary provision,2026-02-02 01:14:24,98,2026-02-02 01:17:59,False,False,False,False,False,False,False,False,False,False,False,False,False,False,False,Mixed,General_Discussion,15.6,October_2025_General,@yq_acc
Reddit,https://www.reddit.com/r/Bitcoin/comments/1p29ix3/since_people_have_doubted_that_og_whales_are/,r/Bitcoin,OG whales selling Owen Gunden 11K BTC,2026-02-02 01:14:24,99,2026-02-02 01:17:59,False,False,True,False,False,False,False,False,False,False,False,False,False,False,False,Mixed,Whale_Tracking,0.0,No_Specific_Date,Bitcoin
Reddit,https://www.reddit.com/r/Bitcoin/comments/1p4009x/are_whales_being_flushed_out_of_btc_by/,r/Bitcoin,Whales flushed institutions mature asset,2026-02-02 01:14:24,100,2026-02-02 01:17:59,False,False,True,False,False,False,False,False,False,False,False,False,False,False,False,Mixed,Whale_Tracking,0.0,No_Specific_Date,Bitcoin
Reddit,https://www.reddit.com/r/Bitcoin/comments/1ow57o0/bitcoin_didnt_pull_back_by_accident_banks_want_it/,r/Bitcoin,Bitcoin pullback banks want cheap,2026-02-02 01:14:24,101,2026-02-02 01:17:59,False,False,False,False,False,False,False,False,False,False,False,False,False,False,False,Mixed,General_Discussion,0.0,No_Specific_Date,Bitcoin
Reddit,https://www.reddit.com/r/Bitcoin/comments/1o06tuz/daily_discussion_october_07_2025/,r/Bitcoin,Daily Discussion October 07 2025,2026-02-02 01:14:24,102,2026-02-02 01:17:59,False,False,False,False,False,False,False,False,False,False,False,False,False,False,False,Neutral,Daily_Discussion,0.0,October_2025_General,Bitcoin
Reddit,https://www.reddit.com/r/Bitcoin/comments/1p2xvlf/liquidated_life_savings/,r/Bitcoin,Liquidated life savings whale short,2026-02-02 01:14:24,103,2026-02-02 01:17:59,True,False,True,False,False,False,False,False,False,False,False,False,True,False,True,Negative,Whale_Tracking,0.0,No_Specific_Date,Bitcoin
Reddit,https://www.reddit.com/r/Bitcoin/comments/1o3ddz0/wtf_is_going_on/,r/Bitcoin,WTF going on liquidation explained,2026-02-02 01:14:24,104,2026-02-02 01:17:59,True,False,False,False,False,False,False,False,False,False,False,False,False,False,False,Negative,Liquidation_Event,0.0,No_Specific_Date,Bitcoin
Reddit,https://www.reddit.com/r/Bitcoin/comments/1oherdt/what_if_the_real_bitcoin_bull_run_starts_after/,r/Bitcoin,Real bull run after everyone gives up,2026-02-02 01:14:24,105,2026-02-02 01:17:59,False,False,False,False,False,False,False,False,False,False,False,False,False,False,False,Mixed,General_Discussion,0.0,No_Specific_Date,Bitcoin
Reddit,https://www.reddit.com/r/Bitcoin/comments/1o6cyik/og_bitcoiners_right_now/,r/Bitcoin,OG Bitcoiners Oct 2025 comparison,2026-02-02 01:14:24,106,2026-02-02 01:17:59,False,False,False,False,False,False,False,False,False,False,False,False,False,False,False,Mixed,General_Discussion,0.0,No_Specific_Date,Bitcoin
Reddit,https://www.reddit.com/r/Bitcoin/comments/1p2z2vc/bitcoins_dead/,r/Bitcoin,Bitcoin declared dead 450 times,2026-02-02 01:14:24,107,2026-02-02 01:17:59,False,False,False,False,False,False,False,False,False,False,False,False,False,False,False,Very_Negative,General_Discussion,0.0,No_Specific_Date,Bitcoin
Reddit,https://www.reddit.com/r/CryptoCurrency/comments/1o354wt/crypto_markets_dive_alongside_stocks_as_trump/,r/CryptoCurrency,Crypto dive Trump tariffs stocks,2026-02-02 01:14:24,108,2026-02-02 01:17:59,False,False,False,True,False,False,False,False,False,False,False,False,False,False,False,Mixed,Trump_Tariff_Impact,0.0,No_Specific_Date,CryptoCurrency
Reddit,https://www.reddit.com/r/CryptoCurrency/comments/1o4g8k5/october_10_exposed_the_truth_about_power_and/,r/CryptoCurrency,October 10 exposed power decentralization,2026-02-02 01:14:24,109,2026-02-02 01:17:59,False,False,False,False,False,False,False,True,False,False,False,False,False,False,False,Mixed,General_Discussion,0.0,Oct_10_During_Crash,CryptoCurrency
Reddit,https://www.reddit.com/r/CryptoMarkets/comments/1o4epzo/here_is_a_breakdown_on_how_one_policy_move_from/,r/CryptoMarkets,Trump policy 100% tariffs breakdown,2026-02-02 01:14:24,110,2026-02-02 01:17:59,False,False,False,True,False,False,False,False,False,False,False,False,False,True,False,Mixed,Trump_Tariff_Impact,0.0,No_Specific_Date,CryptoMarkets
Reddit,https://www.reddit.com/r/CryptoCurrency/comments/1o46rlz/insider_makes_190m_trading_presidents_tweets/,r/CryptoCurrency,Insider $190M trading president tweets,2026-02-02 01:14:24,111,2026-02-02 01:17:59,False,False,False,False,False,False,False,False,False,True,False,False,False,False,False,Mixed,Manipulation_Suspicion,10.0,No_Specific_Date,CryptoCurrency
Reddit,https://www.reddit.com/r/CryptoCurrency/comments/1qs9a5y/bitcoin_price_just_fell_below_80k_for_the_first/,r/CryptoCurrency,Bitcoin below $80K first since tariffs,2026-02-02 01:14:24,112,2026-02-02 01:17:59,False,False,False,True,False,False,False,False,False,False,False,False,False,False,False,Mixed,Trump_Tariff_Impact,0.0,No_Specific_Date,CryptoCurrency
Reddit,https://www.reddit.com/r/CryptoCurrency/comments/1o3g2qf/that_some_fishy_dip/,r/CryptoCurrency,Fishy dip orchestrated Trump tariff,2026-02-02 01:14:24,113,2026-02-02 01:17:59,False,False,False,True,False,False,False,False,False,True,False,False,False,False,False,Positive,Trump_Tariff_Impact,0.0,No_Specific_Date,CryptoCurrency
Reddit,https://www.reddit.com/r/Crypto_com/comments/1qk6azb/one_year_into_trumps_presidency_how_crypto/,r/Crypto_com,One year Trump presidency crypto sentiment,2026-02-02 01:14:24,114,2026-02-02 01:17:59,False,False,False,True,False,False,False,False,False,False,False,False,False,False,False,Mixed,Trump_Tariff_Impact,0.0,No_Specific_Date,Crypto_com
X,https://x.com/SonicLabs/status/2014089653864063361,@SonicLabs,Sonic October 2025 crash liquidate millions,,115,2026-02-02 01:17:59,True,True,False,False,False,False,False,False,False,False,False,False,False,False,False,Negative,Liquidation_Event,0.0,October_2025_General,@SonicLabs
X,https://x.com/yq_acc/status/1990892066935877987,@yq_acc,Oracle failures $60M dump massive liquidations,,116,2026-02-02 01:17:59,True,True,False,False,False,False,False,False,False,False,False,False,False,False,False,Negative,Liquidation_Event,26.0,No_Specific_Date,@yq_acc
X,https://x.com/BramasPaul/status/2010722567984746617,@BramasPaul,Red Friday Event October 10 $19B liquidation,,117,2026-02-02 01:17:59,True,False,False,False,False,False,True,True,False,False,False,False,False,False,False,Negative,Liquidation_Event,19.5,Oct_10_During_Crash,@BramasPaul
X,https://x.com/OlympusDAO/status/1980679208180322348,@OlympusDAO,October crash DeFi protocols stablecoins,,118,2026-02-02 01:17:59,False,True,False,False,False,False,False,False,False,False,False,True,False,False,False,Negative,DeFi_Protocol,0.0,October_2025_General,@OlympusDAO
X,https://x.com/yq_acc/status/1977433963728867630,@yq_acc,$60M dump destroyed $19.3B value,,119,2026-02-02 01:17:59,False,True,False,False,False,False,False,False,False,False,False,False,False,False,False,Very_Negative,General_Discussion,26.0,No_Specific_Date,@yq_acc
X,https://x.com/Indigo_protocol/status/1978179733687816359,@Indigo_protocol,October 10 2025 sharpest flash crash $20B,,120,2026-02-02 01:17:59,False,True,False,False,False,False,False,True,False,False,True,False,False,False,False,Negative,Flash_Crash_Analysis,0.0,Oct_10_During_Crash,@Indigo_protocol
Reddit,https://www.reddit.com/r/Bitcoin/comments/1q76hm8/lets_learn_from_our_lesson_always_the_same/,r/Bitcoin,Learn lesson degen gamblers not bitcoiners,,121,2026-02-02 01:17:59,False,False,False,False,False,False,False,False,False,False,False,False,False,False,False,Mixed,Lessons_Learned,0.0,No_Specific_Date,Bitcoin
Reddit,https://www.reddit.com/r/BitcoinMarkets/comments/1ohzsfe/daily_discussion_tuesday_october_28_2025/,r/BitcoinMarkets,Daily Discussion Tuesday October 28 2025,,122,2026-02-02 01:17:59,False,False,False,False,False,False,False,False,False,False,False,False,False,False,False,Neutral,Daily_Discussion,0.0,October_2025_General,BitcoinMarkets
Reddit,https://www.reddit.com/r/ethereum/comments/1o3mwcl/daily_general_discussion_october_11_2025/,r/ethereum,Lesson never use leverage not worth it,,123,2026-02-02 01:17:59,False,False,False,False,False,False,False,False,False,False,False,False,True,False,False,Mixed,Lessons_Learned,0.0,No_Specific_Date,ethereum
Reddit,https://www.reddit.com/r/Bitcoin/comments/1ojrypf/daily_discussion_october_30_2025/,r/Bitcoin,Daily Discussion October 30 2025,,124,2026-02-02 01:17:59,False,False,False,False,False,False,False,False,False,False,False,False,False,False,False,Neutral,Daily_Discussion,0.0,October_2025_General,Bitcoin
Reddit,https://www.reddit.com/r/BitcoinMarkets/comments/1o4fdol/daily_discussion_sunday_october_12_2025/,r/BitcoinMarkets,Daily Discussion Sunday October 12 2025,,125,2026-02-02 01:17:59,False,False,False,False,False,False,False,False,False,False,False,False,False,False,False,Neutral,Daily_Discussion,0.0,Oct_12-14_Recovery,BitcoinMarkets
X,https://x.com/murtuza_merc/status/2014254207008748006,@murtuza_merc,Pantera Bitcoin 2025 down 6% Ethereum 11%,,126,2026-02-02 01:17:59,False,False,False,False,False,False,False,False,False,False,False,False,False,True,False,Mixed,General_Discussion,0.0,No_Specific_Date,@murtuza_merc
X,https://x.com/polkaworld_org/status/2011423406059917395,@polkaworld_org,Not retail-driven bull market US cycle,,127,2026-02-02 01:17:59,False,False,False,False,False,False,False,False,False,False,False,False,False,False,False,Mixed,General_Discussion,0.0,No_Specific_Date,@polkaworld_org
X,https://x.com/monad/status/2014760037449715984,@monad,Retail 100M monthly active traders breakdown,,128,2026-02-02 01:17:59,False,False,False,False,False,False,False,False,False,False,False,False,False,True,False,Mixed,General_Discussion,0.0,No_Specific_Date,@monad
Reddit,https://www.reddit.com/r/CryptoCurrency/comments/1pkqmns/the_insider_who_shorted_oct_10_is_entering_a/,r/CryptoCurrency,Insider shorted Oct 10 entering 650 ETH,,129,2026-02-02 01:17:59,False,False,False,False,False,False,False,True,False,True,False,False,True,False,False,Mixed,Manipulation_Suspicion,0.0,Oct_10_During_Crash,CryptoCurrency
Reddit,https://www.reddit.com/r/CryptoMarkets/comments/1o5m6m9/someone_made_200_million_shorting_crypto_30/,r/CryptoMarkets,$200M shorting 30 min before Trump tweet,,130,2026-02-02 01:17:59,False,False,False,True,False,False,False,False,False,False,False,False,True,False,False,Mixed,Trump_Tariff_Impact,10.0,No_Specific_Date,CryptoMarkets
Reddit,https://www.reddit.com/r/stocks/comments/1o3v6o0/did_the_market_start_going_down_before_the_tweet/,r/stocks,Market down before Trump 100% tariff tweet,,131,2026-02-02 01:17:59,False,False,False,True,False,False,False,False,False,False,False,False,False,True,False,Mixed,Trump_Tariff_Impact,0.0,No_Specific_Date,stocks
Reddit,https://www.reddit.com/r/Bitcoin/comments/1o5g9ad/literally_what_just_happened/,r/Bitcoin,Illegal insider trading Trump common,,132,2026-02-02 01:17:59,False,False,False,True,False,False,False,False,False,True,False,False,False,False,False,Mixed,Trump_Tariff_Impact,0.0,No_Specific_Date,Bitcoin
Reddit,https://www.reddit.com/r/CryptoMarkets/comments/1o4hblw/baron_trump_genius_confirmed_thanks_to_insane/,r/CryptoMarkets,Baron Trump $1.4B profitable short trade,,133,2026-02-02 01:17:59,False,False,False,True,False,False,False,False,False,False,False,False,True,False,True,Positive,Trump_Tariff_Impact,0.0,No_Specific_Date,CryptoMarkets
X,https://x.com/Flash_Techno_Of/status/1977258919790596282,@Flash_Techno_Of,October 10 2025 crash summary Trump tariffs,,134,2026-02-02 01:17:59,False,True,False,True,False,False,False,True,False,False,False,False,False,False,False,Negative,Trump_Tariff_Impact,0.0,Oct_10_During_Crash,@Flash_Techno_Of
X,https://x.com/PortaltoBitcoin/status/2003279155111297310,@PortaltoBitcoin,10/10 Flash Crash analysis major insolvency,,135,2026-02-02 01:17:59,False,True,False,False,False,False,False,True,False,False,True,False,False,False,False,Negative,Flash_Crash_Analysis,0.0,Oct_10_During_Crash,@PortaltoBitcoin
X,https://x.com/intangiblecoins/status/1979193991238193263,@intangiblecoins,$19B leveraged liquidated altcoins tank 50-75%,,136,2026-02-02 01:17:59,True,True,False,False,False,False,True,False,False,False,False,False,True,False,True,Negative,Liquidation_Event,19.5,No_Specific_Date,@intangiblecoins
X,https://x.com/LexSokolin/status/1979049244485996572,@LexSokolin,$40B wiped Binance oracle liquidity failures,,137,2026-02-02 01:17:59,False,False,False,False,True,False,False,False,False,False,False,False,False,False,True,Very_Negative,Exchange_Issue,10.4,No_Specific_Date,@LexSokolin
X,https://x.com/ark_stream/status/1977655268810142182,@ark_stream,October 11 USDe liquidity flash crash,,138,2026-02-02 01:17:59,False,True,False,False,False,False,False,False,False,False,True,False,False,False,False,Negative,Flash_Crash_Analysis,0.0,Oct_11_Day_After,@ark_stream
X,https://x.com/killer_tickers/status/2017668100540530778,@killer_tickers,October 10 most devastating leverage history,,139,2026-02-02 01:17:59,False,False,False,False,False,False,False,True,False,False,False,False,True,False,False,Very_Negative,General_Discussion,23.4,Oct_10_During_Crash,@killer_tickers
Reddit,https://www.reddit.com/r/BitcoinMarkets/comments/1o3luj2/daily_discussion_saturday_october_11_2025/,r/BitcoinMarkets,LARGEST liquidation BTC fell $104.5K 17.1%,,140,2026-02-02 01:17:59,True,False,False,False,False,False,False,False,False,False,False,False,False,False,False,Negative,Liquidation_Event,10.0,No_Specific_Date,BitcoinMarkets
Reddit,https://www.reddit.com/r/BitcoinMarkets/comments/1o65ib7/daily_discussion_tuesday_october_14_2025/,r/BitcoinMarkets,Daily Discussion Tuesday October 14 2025,,141,2026-02-02 01:17:59,False,False,False,False,False,False,False,False,False,False,False,False,False,False,False,Neutral,Daily_Discussion,0.0,Oct_12-14_Recovery,BitcoinMarkets
Reddit,https://www.reddit.com/r/ethereum/comments/1odujwf/daily_general_discussion_october_23_2025/,r/ethereum,Daily General Discussion October 23 2025,,142,2026-02-02 01:17:59,False,False,False,False,False,False,False,False,False,False,False,False,False,False,False,Neutral,General_Discussion,0.0,October_2025_General,ethereum
Reddit,https://www.reddit.com/r/CryptoCurrency/comments/1o3ejwr/over_7440000000_were_liquidated_in_the_past_hour/,r/CryptoCurrency,$744M liquidated past hour exchanges down,,143,2026-02-02 01:17:59,True,False,False,False,False,False,False,False,False,False,False,False,False,True,True,Negative,Liquidation_Event,0.0,No_Specific_Date,CryptoCurrency
Reddit,https://www.reddit.com/r/MEXC_official/comments/1oa4py2/any_compensation_available_for_users_october_10th/,r/MEXC_official,MEXC compensation October 10 lagging liquidated,,144,2026-02-02 01:17:59,True,False,False,False,False,False,False,True,False,False,False,False,False,True,True,Negative,Liquidation_Event,0.0,Oct_10_During_Crash,MEXC_official
Reddit,https://www.reddit.com/r/Bitcoin/comments/1nygjb8/daily_discussion_october_05_2025/,r/Bitcoin,Daily Discussion October 05 2025,,145,2026-02-02 01:17:59,False,False,False,False,False,False,False,False,False,False,False,False,False,False,False,Neutral,Daily_Discussion,0.0,October_2025_General,Bitcoin
