record_id,platform,record_type,parent_url,title,content_snippet,theme,date_posted,author_type,sentiment,engagement_score,relevance_score,keywords,language
RED_00000,Reddit,Original Post,https://www.reddit.com/r/CryptoCurrency/comments/1qi6689/500m_liquidated_overnight_when_did_we_normalize/,$500M liquidated overnight. When did we normalize ...,Personal experience with Liquidation normalization,Liquidation normalization,2025-10-15 00:00:00,Original Poster,Negative,76,100,"liquidation,leverage,margin call,rekt",en
RED_00000,Reddit,Original Post,https://www.reddit.com/r/CryptoCurrency/comments/1o3ishj/does_anyone_know_how_historic_this_crash_was/,Does anyone know how historic this crash was?,Community reaction to Historical comparison,Historical comparison,2025-10-15 00:00:00,Original Poster,Analytical,94,100,"crypto,bitcoin,market,October 2025",en
RED_00000,Reddit,Original Post,https://www.reddit.com/r/CryptoCurrency/comments/1ok2hxm/bitcoin_risks_2030_drop_as_crypto_markets/,Bitcoin risks '20-30%' drop as crypto markets liquidate $1.1B,Technical breakdown of Price prediction,Price prediction,2025-10-15 00:00:00,Original Poster,Analytical,98,100,"crypto,bitcoin,market,October 2025",en
RED_00000,Reddit,Original Post,https://www.reddit.com/r/CryptoCurrency/comments/1q4v6jh/344430000_in_short_positions_has_been_liquidated/,$344430000 In Short Positions Has Been Liquidated,Personal experience with Short squeeze,Short squeeze,2025-10-11 00:00:00,Original Poster,Hopeful,78,100,"crypto,bitcoin,market,October 2025",en
RED_00000,Reddit,Original Post,https://www.reddit.com/r/CryptoCurrency/comments/1p38d0b/feels_so_wrong_to_sell_in_extreme_fear/,Feels so wrong to sell in extreme fear,Discussion about Emotional trading,Emotional trading,2025-10-15 00:00:00,Original Poster,Analytical,75,100,"crypto,bitcoin,market,October 2025",en
RED_00000,Reddit,Original Post,https://www.reddit.com/r/CryptoCurrency/comments/1olwmxx/bitcoin_suffers_its_first_october_monthly_loss_in/,Bitcoin suffers its first October monthly loss in seven years,Community reaction to Historical record,Historical record,2025-10-15 00:00:00,Original Poster,Analytical,74,100,"crypto,bitcoin,market,October 2025",en
RED_00000,Reddit,Original Post,https://www.reddit.com/r/CryptoCurrency/comments/1gy95bs/this_current_bull_run_may_be_coming_to_an_end/,This current bull run may be coming to an end sooner than ...,Analysis of Bull run analysis during October crash,Bull run analysis,2025-10-15 00:00:00,Original Poster,Hopeful,83,100,"crypto,bitcoin,market,October 2025",en
RED_00000,Reddit,Original Post,https://www.reddit.com/r/CryptoCurrency/comments/1oabea2/daily_crypto_discussion_october_19_2025_gmt0/,"Daily Crypto Discussion - October 19, 2025",Analysis of Daily discussion during October crash,Daily discussion,2025-10-19 00:00:00,Original Poster,Neutral,91,100,"crypto,bitcoin,market,October 2025",en
RED_00000,Reddit,Original Post,https://www.reddit.com/r/Bitcoin/comments/1o2t3fy/daily_discussion_october_10_2025/,"Daily Discussion, October 10, 2025",Discussion about Daily discussion - Crash day,Daily discussion - Crash day,2025-10-10 00:00:00,Original Poster,Fear,81,100,"crash,dump,selloff,bloodbath,panic",en
RED_00000,Reddit,Original Post,https://www.reddit.com/r/Bitcoin/comments/1oye7hq/daily_discussion_november_16_2025/,"Daily Discussion, November 16, 2025",Personal experience with Post-crash recovery,Post-crash recovery,2025-11-16 00:00:00,Original Poster,Fear,94,100,"crash,dump,selloff,bloodbath,panic",en
RED_00000,Reddit,Original Post,https://www.reddit.com/r/Bitcoin/comments/1o06tuz/daily_discussion_october_07_2025/,"Daily Discussion, October 07, 2025",Analysis of Pre-crash discussion during October crash,Pre-crash discussion,2025-10-07 00:00:00,Original Poster,Fear,79,100,"crash,dump,selloff,bloodbath,panic",en
X (_00000,X (Twitter),Original Post,https://x.com/MHiesboeck/status/1986935441329954897,The verdict is in: October 2025 cryptocurrency market crash,Personal experience with Technical analysis,Technical analysis,2025-10-15 00:00:00,Original Poster,Neutral,73,100,"crypto,bitcoin,market,October 2025",en
X (_00000,X (Twitter),Original Post,https://x.com/SonicLabs/status/2014089653864063361,"On 10 October 2025, the biggest cryptocurrency market liquidation",Discussion about Infrastructure failure,Infrastructure failure,2025-10-10 00:00:00,Original Poster,Negative,72,100,"crypto,bitcoin,market,October 2025",en
X (_00000,X (Twitter),Original Post,https://x.com/PowerTradeHQ/status/1976979702918074703,What Triggered the Crash?,Discussion about Trigger analysis,Trigger analysis,2025-10-10 00:00:00,Original Poster,Neutral,79,100,"crypto,bitcoin,market,October 2025",en
X (_00000,X (Twitter),Original Post,https://x.com/leviathan_news/status/2011982010122715543,DeFi lending is entering Gen 2 after the 2025 crash,Personal experience with DeFi evolution,DeFi evolution,2025-10-15 00:00:00,Original Poster,Analytical,98,100,"crypto,bitcoin,market,October 2025",en
X (_00000,X (Twitter),Original Post,https://x.com/PeckShieldAlert/status/1984556692496138313,October 2025 saw ~15 major crypto exploits,Personal experience with Security incidents,Security incidents,2025-10-15 00:00:00,Original Poster,Analytical,84,100,"crypto,bitcoin,market,October 2025",en
X (_00000,X (Twitter),Original Post,https://x.com/OlympusDAO/status/1980679208180322348,The crash of October 2025 was not just a market correction,Technical breakdown of Structural analysis,Structural analysis,2025-10-15 00:00:00,Original Poster,Neutral,86,100,"crypto,bitcoin,market,October 2025",en
X (_00000,X (Twitter),Original Post,https://x.com/lookonchain/status/1978382183153697251,"Whale 0xc2a3 opened 5x short on 1,240 BTC ($140M)",Technical breakdown of Whale tracking - massive short,Whale tracking - massive short,2025-10-15 00:00:00,Original Poster,Analytical,95,100,"whale,large holder,manipulation,insider",en
X (_00000,X (Twitter),Original Post,https://x.com/stacy_muur/status/1979122398629687346,Whale manipulation is PROFITABLE until TVL > $100M,Personal experience with Manipulation mechanics,Manipulation mechanics,2025-10-10 00:00:00,Original Poster,Anger,79,100,"manipulation,coordinated,suspicious,timing",en
X (_00000,X (Twitter),Original Post,https://x.com/SteamMystic,Positions closed for estimated $200M profit,Analysis of Whale profit analysis during October crash,Whale profit analysis,2025-10-10 00:00:00,Original Poster,Analytical,99,100,"whale,large holder,manipulation,insider",en
X (_00000,X (Twitter),Original Post,https://x.com/calmi_ken,Absolutely crazy market manipulation Oct 10,Community reaction to Market manipulation claims,Market manipulation claims,2025-10-10 00:00:00,Original Poster,Negative,83,100,"manipulation,coordinated,suspicious,timing",en
X (_00000,X (Twitter),Original Post,https://x.com/a1research__/status/1977067742944453083,Whale 0x2258 methodically constructed positions,Analysis of Whale positioning during October crash,Whale positioning,2025-10-15 00:00:00,Original Poster,Neutral,88,100,"whale,large holder,manipulation,insider",en
X (_00000,X (Twitter),Original Post,https://x.com/rocketrader01,"$19B+ global liquidations, alts down 50-70%",Discussion about Market impact analysis,Market impact analysis,2025-10-15 00:00:00,Original Poster,Analytical,78,100,"crypto,bitcoin,market,October 2025",en
X (_00000,X (Twitter),Original Post,https://x.com/MyrrhaLabs,October 2025 liquidation - severe structural shock,Technical breakdown of Market structure analysis,Market structure analysis,2025-10-15 00:00:00,Original Poster,Analytical,99,100,"crypto,bitcoin,market,October 2025",en
X (_00000,X (Twitter),Original Post,https://x.com/CryptoKaleo/status/1985723548825239867,In 2024 I thought top would be October 2025,Analysis of Cycle prediction during October crash,Cycle prediction,2025-11-01 00:00:00,Original Poster,Analytical,76,100,"crypto,bitcoin,market,October 2025",en
X (_00000,X (Twitter),Original Post,https://x.com/femi_0x,Largest liquidation event wiped $19b in leverage,Discussion about Leverage collapse,Leverage collapse,2025-10-10 00:00:00,Original Poster,Neutral,95,100,"crypto,bitcoin,market,October 2025",en
X (_00000,X (Twitter),Original Post,https://x.com/ChathuraVirajW1,87% liquidations were longs. 1.66M traders rekt,Discussion about Long squeeze,Long squeeze,2025-10-15 00:00:00,Original Poster,Hopeful,85,100,"crypto,bitcoin,market,October 2025",en
X (_00000,X (Twitter),Original Post,https://x.com/instelmakh,October liquidation reminded leverage and volatility,Technical breakdown of Risk management lesson,Risk management lesson,2025-10-15 00:00:00,Original Poster,Analytical,81,100,"crypto,bitcoin,market,October 2025",en
X (_00000,X (Twitter),Original Post,https://x.com/kendude_,USDe trading at $0.65 marked down collateral,Technical breakdown of Stablecoin depeg,Stablecoin depeg,2025-10-15 00:00:00,Original Poster,Hopeful,95,100,"crypto,bitcoin,market,October 2025",en
MED_00000,Medium,Original Post,https://medium.com/@j.razo7869/the-day-crypto-fell-and-why-it-might-have-just-reset-the-entire-market-250a44a00d0a,The Day Crypto Fell And Why It Might Have Just Reset,Analysis of Market reset analysis during October crash,Market reset analysis,2025-10-11 00:00:00,Original Poster,Neutral,95,100,"crypto,bitcoin,market,October 2025",en
MED_00000,Medium,Original Post,https://medium.com/@Lastadam/the-october-2025-stress-test-what-really-happened-when-crypto-infrastructure-failed-518550a58ad8,What Really Happened When Crypto Infrastructure Failed,Personal experience with Infrastructure failure,Infrastructure failure,2025-10-10 00:00:00,Original Poster,Anger,74,100,"crypto,bitcoin,market,October 2025",en
MED_00000,Medium,Original Post,https://medium.com/@veritaschain/the-day-a-tweet-moved-2-4-trillion-and-why-we-still-cant-prove-what-happened-50ccdfd2d3b3,The Day a Tweet Moved $2.4 Trillion,Technical breakdown of Trump tweet impact,Trump tweet impact,2025-10-15 00:00:00,Original Poster,Analytical,73,100,"Trump,tariff,China,trade war,geopolitical",en
MED_00000,Medium,Original Post,https://medium.com/@nicolakharvey/infrastructure-failures-that-amplified-the-crash-545656ab1c09,Infrastructure Failures That Amplified the Crash,Discussion about Technical breakdown,Technical breakdown,2025-10-15 00:00:00,Original Poster,Hopeful,75,100,"crypto,bitcoin,market,October 2025",en
MED_00000,Medium,Original Post,https://medium.com/@Flavoured/surviving-the-worst-crash-in-crypto-history-october-10-2025-f1f6a78528e5,Surviving the WORST Crash in Crypto History,Personal experience with Survival guide,Survival guide,2025-10-10 00:00:00,Original Poster,Analytical,87,100,"crypto,bitcoin,market,October 2025",en
MED_00000,Medium,Original Post,https://medium.com/@bokiko/the-great-crypto-leverage-reset-96c868ca5a35,The Great Crypto Leverage Reset,Personal experience with Leverage analysis,Leverage analysis,2025-10-15 00:00:00,Original Poster,Neutral,82,100,"crypto,bitcoin,market,October 2025",en
YOU_00000,YouTube,Original Post,https://www.youtube.com/watch?v=k1J925PNFT0,"Binance USDe, wBETH Crash: Full October 2025 Breakdown",Technical breakdown of Exchange crash analysis,Exchange crash analysis,2025-10-10 00:00:00,Original Poster,Fear,78,100,"crash,dump,selloff,bloodbath,panic",en
YOU_00000,YouTube,Original Post,https://www.youtube.com/watch?v=qcWSRonfeq0,Bitcoin Braces as Trump Slaps 25% Tariffs,Analysis of Tariff impact during October crash,Tariff impact,2025-10-15 00:00:00,Original Poster,Neutral,79,100,"crypto,bitcoin,market,October 2025",en
YOU_00000,YouTube,Original Post,https://www.youtube.com/watch?v=QnFoP6vak1Q,"Bitcoin, Ethereum & Altcoins Bloodbath Analysis",Personal experience with Altcoin crash,Altcoin crash,2025-10-15 00:00:00,Original Poster,Negative,79,100,"crash,dump,selloff,bloodbath,panic",en
YOU_00000,YouTube,Original Post,https://www.youtube.com/watch?v=TChShsczovg,Billions GONE! They couldn't get in or out,Analysis of Exchange lockout during October crash,Exchange lockout,2025-10-15 00:00:00,Original Poster,Neutral,96,100,"exchange,Binance,Hyperliquid,outage,down",en
SUB_00000,Substack,Original Post,https://dewhales.substack.com/p/major-exploits-of-2025,Major Exploits of 2025 - Oracle manipulation,Technical breakdown of Security analysis,Security analysis,2025-10-10 00:00:00,Original Poster,Hopeful,74,100,"crypto,bitcoin,market,October 2025",en
SUB_00000,Substack,Original Post,https://alphawavess.substack.com/p/bitcoins-three-body-problem-the-forces,Bitcoin's Three-Body Problem: Price Manipulation,Analysis of Manipulation theory during October crash,Manipulation theory,2025-10-15 00:00:00,Original Poster,Fear,73,100,"manipulation,coordinated,suspicious,timing",en
SUB_00000,Substack,Original Post,https://shanakaanslemperera.substack.com/p/the-great-filtration-why-altcoin,THE GREAT FILTRATION: WHY ALTCOIN SEASON DIDN'T DIE,Personal experience with Altcoin season analysis,Altcoin season analysis,2025-10-10 00:00:00,Original Poster,Hopeful,92,100,"crypto,bitcoin,market,October 2025",en
SUB_00000,Substack,Original Post,https://getirked.substack.com/p/why-bitcoin-whales-are-the-real-puppet,Why Bitcoin Whales Are the Real Puppet Masters,Discussion about Whale control,Whale control,2025-10-15 00:00:00,Original Poster,Neutral,94,100,"whale,large holder,manipulation,insider",en
SUB_00000,Substack,Original Post,https://inbitcoinwetrust.substack.com/p/bitcoins-october-purge-was-trumps,Bitcoin's October Purge: Was Trump's Trade War the Cover,Discussion about Conspiracy analysis,Conspiracy analysis,2025-10-15 00:00:00,Original Poster,Hopeful,72,100,"crypto,bitcoin,market,October 2025",en
NEW_00000,News,Original Post,https://www.wsj.com/finance/currencies/a-historic-crypto-selloff-erased-over-19-billion-but-two-accounts-made-160-million-3144cccd,A Historic Crypto Selloff - Two Accounts Made $160 Million,Personal experience with Insider trading suspicion,Insider trading suspicion,2025-10-15 00:00:00,Original Poster,Hopeful,81,100,"crypto,bitcoin,market,October 2025",en
NEW_00000,News,Original Post,https://www.moneysense.ca/columns/canadian-crypto-observer/crypto-investors-lose-billions-in-biggest-ever-liquidation-event/,Crypto investors lose billions in biggest-ever liquidation,Community reaction to Canadian perspective,Canadian perspective,2025-10-15 00:00:00,Original Poster,Neutral,90,100,"crypto,bitcoin,market,October 2025",en
NEW_00000,News,Original Post,https://www.ainvest.com/news/bitcoin-90-000-rejection-structural-warning-2026-2601/,Bitcoin's $90K Rejection - Liquidity 40% Below Pre-Crash,Discussion about Liquidity crisis aftermath,Liquidity crisis aftermath,2026-01-15 00:00:00,Original Poster,Analytical,97,100,"crypto,bitcoin,market,October 2025",en
YOU_00000,YouTube,Original Post,https://www.youtube.com/watch?v=z6WZCklalmc,Warning: Will Crypto Crash In September 2025?,Technical breakdown of Pre-crash warning,Pre-crash warning,2025-09-15 00:00:00,Original Poster,Anger,82,100,"crash,dump,selloff,bloodbath,panic",en
NEW_00000,News,Original Post,https://m.economictimes.com/news/international/us/btc-bitcoin-price-today-22-sept-2025-why-bitcoin-crash-warning-price-prediction-major-market-selloff-vs-shocking-rebound-analysis/articleshow/124054496.cms,"BTC Bitcoin Price Sept 22, 2025 - Crash Warning",Discussion about Pre-crash market warning,Pre-crash market warning,2025-09-22 00:00:00,Original Poster,Anger,82,100,"crash,dump,selloff,bloodbath,panic",en
